{
  "hash": "68c73f4a",
  "configHash": "aeb0f7f9",
  "lockfileHash": "15d082f9",
  "browserHash": "71f671cd",
  "optimized": {
    "@angular/common": {
      "src": "../../../../../../node_modules/@angular/common/fesm2022/common.mjs",
      "file": "@angular_common.js",
      "fileHash": "224b944c",
      "needsInterop": false
    },
    "@angular/common/http": {
      "src": "../../../../../../node_modules/@angular/common/fesm2022/http.mjs",
      "file": "@angular_common_http.js",
      "fileHash": "efb927b4",
      "needsInterop": false
    },
    "@angular/core": {
      "src": "../../../../../../node_modules/@angular/core/fesm2022/core.mjs",
      "file": "@angular_core.js",
      "fileHash": "5683f842",
      "needsInterop": false
    },
    "@angular/forms": {
      "src": "../../../../../../node_modules/@angular/forms/fesm2022/forms.mjs",
      "file": "@angular_forms.js",
      "fileHash": "c1bcb41a",
      "needsInterop": false
    },
    "@angular/platform-browser": {
      "src": "../../../../../../node_modules/@angular/platform-browser/fesm2022/platform-browser.mjs",
      "file": "@angular_platform-browser.js",
      "fileHash": "43cfb6bc",
      "needsInterop": false
    },
    "@angular/platform-browser/animations": {
      "src": "../../../../../../node_modules/@angular/platform-browser/fesm2022/animations.mjs",
      "file": "@angular_platform-browser_animations.js",
      "fileHash": "8488fee1",
      "needsInterop": false
    },
    "@angular/platform-browser/animations/async": {
      "src": "../../../../../../node_modules/@angular/platform-browser/fesm2022/animations/async.mjs",
      "file": "@angular_platform-browser_animations_async.js",
      "fileHash": "8441e16f",
      "needsInterop": false
    },
    "@angular/router": {
      "src": "../../../../../../node_modules/@angular/router/fesm2022/router.mjs",
      "file": "@angular_router.js",
      "fileHash": "25ce5eb2",
      "needsInterop": false
    },
    "@auth0/angular-jwt": {
      "src": "../../../../../../node_modules/@auth0/angular-jwt/fesm2020/auth0-angular-jwt.mjs",
      "file": "@auth0_angular-jwt.js",
      "fileHash": "f0f8f533",
      "needsInterop": false
    },
    "@primeng/themes/aura": {
      "src": "../../../../../../node_modules/@primeng/themes/aura/index.mjs",
      "file": "@primeng_themes_aura.js",
      "fileHash": "608ba0e7",
      "needsInterop": false
    },
    "primeng/api": {
      "src": "../../../../../../node_modules/primeng/fesm2022/primeng-api.mjs",
      "file": "primeng_api.js",
      "fileHash": "10dfef0c",
      "needsInterop": false
    },
    "primeng/button": {
      "src": "../../../../../../node_modules/primeng/fesm2022/primeng-button.mjs",
      "file": "primeng_button.js",
      "fileHash": "c5533b60",
      "needsInterop": false
    },
    "primeng/config": {
      "src": "../../../../../../node_modules/primeng/fesm2022/primeng-config.mjs",
      "file": "primeng_config.js",
      "fileHash": "15c17036",
      "needsInterop": false
    },
    "primeng/inputtext": {
      "src": "../../../../../../node_modules/primeng/fesm2022/primeng-inputtext.mjs",
      "file": "primeng_inputtext.js",
      "fileHash": "41704a21",
      "needsInterop": false
    },
    "primeng/scroller": {
      "src": "../../../../../../node_modules/primeng/fesm2022/primeng-scroller.mjs",
      "file": "primeng_scroller.js",
      "fileHash": "e3b87e97",
      "needsInterop": false
    },
    "primeng/select": {
      "src": "../../../../../../node_modules/primeng/fesm2022/primeng-select.mjs",
      "file": "primeng_select.js",
      "fileHash": "751f8828",
      "needsInterop": false
    },
    "primeng/table": {
      "src": "../../../../../../node_modules/primeng/fesm2022/primeng-table.mjs",
      "file": "primeng_table.js",
      "fileHash": "a583ea2c",
      "needsInterop": false
    },
    "primeng/tooltip": {
      "src": "../../../../../../node_modules/primeng/fesm2022/primeng-tooltip.mjs",
      "file": "primeng_tooltip.js",
      "fileHash": "7139dc3c",
      "needsInterop": false
    },
    "rxjs": {
      "src": "../../../../../../node_modules/rxjs/dist/esm5/index.js",
      "file": "rxjs.js",
      "fileHash": "01452333",
      "needsInterop": false
    }
  },
  "chunks": {
    "chunk-VV4XPY47": {
      "file": "chunk-VV4XPY47.js"
    },
    "browser-GINFGA5O": {
      "file": "browser-GINFGA5O.js"
    },
    "chunk-USIFUV72": {
      "file": "chunk-USIFUV72.js"
    },
    "chunk-LTM5A3YH": {
      "file": "chunk-LTM5A3YH.js"
    },
    "chunk-JIFBFYIO": {
      "file": "chunk-JIFBFYIO.js"
    },
    "chunk-RMRTQBSE": {
      "file": "chunk-RMRTQBSE.js"
    },
    "chunk-YLTPKIMP": {
      "file": "chunk-YLTPKIMP.js"
    },
    "chunk-HCZ74FI7": {
      "file": "chunk-HCZ74FI7.js"
    },
    "chunk-5G7WYC4N": {
      "file": "chunk-5G7WYC4N.js"
    },
    "chunk-XNZAE5JW": {
      "file": "chunk-XNZAE5JW.js"
    },
    "chunk-3X5R7VXB": {
      "file": "chunk-3X5R7VXB.js"
    },
    "chunk-XLMXHWUT": {
      "file": "chunk-XLMXHWUT.js"
    },
    "chunk-JOUR5TEV": {
      "file": "chunk-JOUR5TEV.js"
    },
    "chunk-X2NH565A": {
      "file": "chunk-X2NH565A.js"
    },
    "chunk-EWVDO5Z6": {
      "file": "chunk-EWVDO5Z6.js"
    },
    "chunk-TRSFWWN7": {
      "file": "chunk-TRSFWWN7.js"
    },
    "chunk-YTFJKFZB": {
      "file": "chunk-YTFJKFZB.js"
    },
    "chunk-4VYGS6DK": {
      "file": "chunk-4VYGS6DK.js"
    },
    "chunk-VAP6LMP3": {
      "file": "chunk-VAP6LMP3.js"
    },
    "chunk-5YUKBJWD": {
      "file": "chunk-5YUKBJWD.js"
    },
    "chunk-TZ6LAXYA": {
      "file": "chunk-TZ6LAXYA.js"
    },
    "chunk-5QXQOMPN": {
      "file": "chunk-5QXQOMPN.js"
    },
    "chunk-P6U2JBMQ": {
      "file": "chunk-P6U2JBMQ.js"
    },
    "chunk-WDMUDEB6": {
      "file": "chunk-WDMUDEB6.js"
    }
  }
}